<?xml version="1.0" encoding="UTF-8"?>
<expenseTable>
    <header>
        <column name="Category"/>
        <column name="Item"/>
        <column name="Cost"/>
    </header>
    <rows>
        <row>
            <category>Shopping</category>
            <item>Exclusive Fashion Boutique Spree</item>
            <cost>1200€</cost>
        </row>
        <row>
            <category>Accommodation</category>
            <item>5-Star Luxury Suite</item>
            <cost>800€ per night</cost>
        </row>
        <row>
            <category>Beauty</category>
            <item>Private Spa and Facial Treatment</item>
            <cost>300€</cost>
        </row>
        <row>
            <category>Travel</category>
            <item>Private Jet Charter</item>
            <cost>4000€</cost>
        </row>
        <row>
            <category>Dining</category>
            <item>Gourmet Dinner at Exclusive Restaurant</item>
            <cost>500€</cost>
        </row>
        <row>
            <category>Activities</category>
            <item>VIP Tickets to Fashion Show</item>
            <cost>350€</cost>
        </row>
        <row>
            <category>Total (for 3 days)</category>
            <item/>
            <cost>8750€</cost>
        </row>
    </rows>
</expenseTable>
