<?xml version="1.0" encoding="UTF-8"?>
<expenseTable>
    <header>
        <column name="Category"/>
        <column name="Item"/>
        <column name="Cost"/>
    </header>
    <rows>
        <row>
            <category>Restaurants</category>
            <item>Michelin-Star Dinner at La Gula</item>
            <cost>200€</cost>
        </row>
        <row>
            <category>Accommodation</category>
            <item>Luxury Hotel with All-Inclusive Dining</item>
            <cost>600€ per night</cost>
        </row>
        <row>
            <category>Travel</category>
            <item>First-Class Flight</item>
            <cost>500€</cost>
        </row>
        <row>
            <category>Transportation</category>
            <item>Private Chauffeur Service</item>
            <cost>120€ per day</cost>
        </row>
        <row>
            <category>Activities</category>
            <item>Gourmet Food Tour</item>
            <cost>250€</cost>
        </row>
        <row>
            <category>Other</category>
            <item>Deluxe Wine Pairing</item>
            <cost>80€</cost>
        </row>
        <row>
            <category>Total (for 5 days)</category>
            <item/>
            <cost>4380€</cost>
        </row>
    </rows>
</expenseTable>
