<?xml version="1.0" encoding="UTF-8"?>
<xs:schema xmlns:xs="http://www.w3.org/2001/XMLSchema">
    <xs:element name="expenseTable">
    <xs:complexType>
      <xs:sequence>
        <xs:element name="header">
          <xs:complexType>
            <xs:sequence>
              <xs:element name="column" maxOccurs="3">
                <xs:complexType>
                  <xs:attribute name="name" type="xs:string" use="required"/>
                </xs:complexType>
              </xs:element>
            </xs:sequence>
          </xs:complexType>
        </xs:element>
        <xs:element name="rows">
          <xs:complexType>
            <xs:sequence>
              <xs:element name="row" maxOccurs="unbounded">
                <xs:complexType>
                  <xs:sequence>
                    <xs:element name="category" type="xs:string"/>
                    <xs:element name="item" type="xs:string"/>
                    <xs:element name="cost" type="xs:string"/>
                  </xs:sequence>
                </xs:complexType>
              </xs:element>
            </xs:sequence>
          </xs:complexType>
        </xs:element>
      </xs:sequence>
    </xs:complexType>
  </xs:element>
</xs:schema>
